Workbook

Sheet Leia-me
A1: Planilha de apoio — Análise de agrupamentos espaciais das potencialidades T1 e T2 — Piauí
A3: OBJETIVO — Base dos dois relatórios analíticos: (i) pipeline de estoques (intensidade: estoque municipal no ano final, log1p; fontes PAM, PPM, PEVS e RAIS) e (ii) pipeline shift-share (intensidade: CE+RIE do emprego formal RAIS, log sinalizada). Recorte: classes de potencialidade T1 e T2, três janelas de comparação (bases 2013, 2018 e 2022), deduplicação pelo maior valor de intensidade por par município–subclasse.
A5: MÉTODO — LISA univariado (I de Moran local) e I de Moran bivariado, matriz Queen padronizada por linha, 999 permutações condicionais, semente 42, p < 0,05; subclasses elegíveis com presença em ≥ 10 municípios; pares com ≥ 5 municípios copresentes. Robustez: (a) FDR de Benjamini–Hochberg com 9.999 permutações; (b) manutenção do resultado sob quatro matrizes alternativas de vizinhança (KNN-5, distância inversa euclidiana, distância rodoviária sobre a malha DNIT/DER-PI e tempo de viagem OpenRouteService/OpenStreetMap). O núcleo robusto de pares exige os dois critérios simultaneamente, com subclasse focal significativa e I bivariado positivo.
A7: RESSALVAS — Tempos de viagem modelados (não observados); quatro municípios com tempos imputados (R² = 0,933); no pipeline CE+RIE, Pau D’Arco do Piauí e Pedro Laurentino não registram potencialidade classificada com decomposição válida. A coluna Pós-FDR conta municípios significativos em qualquer quadrante (inclui núcleos Baixo-Baixo de ausência conjunta) e usa 9.999 permutações, não sendo diretamente comparável às colunas de 999.
A9: CONVENÇÃO DE CORES — Azul: valor extraído dos pipelines do projeto (não editar). Preto: calculado por fórmula nesta planilha; recalcula ao alterar os dados.
A11: ÍNDICE — 1 Est Subclasses: LISA univariado por subclasse, pipeline de estoques (120 linhas). 2 Est Pares: núcleo robusto de pares do pipeline de estoques (340). 3 CERIE Subclasses: idem para o pipeline shift-share (87). 4 CERIE Pares: núcleo robusto CE+RIE (50). 5 Base Municipal: os 224 municípios e suas contagens de núcleos AA. 6 Indicadores: sínteses calculadas por fórmula. 7 Duplo Nucleo: os 32 pares presentes nos dois núcleos robustos, com os municípios em que os núcleos Alto-Alto dos dois pipelines coincidem.
A13: Fonte: elaboração própria a partir de IBGE (PAM, PPM, PEVS, Malha Municipal 2025) e RAIS/MTE (2025); matrizes de vizinhança DNIT/DER-PI e OpenRouteService. Extração em 06/08/2026.

Sheet 1 Est Subclasses
A1: Pipeline de estoques — LISA univariado por subclasse (T1+T2, base v2)
A2: Subclasse | B2: Municípios presentes | C2: I de Moran global | D2: p (999 perm.) | E2: Significativa (p<0,05) | F2: Municípios sig. (999 p.) | G2: Núcleos AA | H2: Sig. nominais (9.999 p.) | I2: Pós-FDR (9.999 p.) | J2: Robustos às 4 W alt. | K2: Taxa de robustez (%)
A3: Administração pública em geral | B3: 94 | C3: -0.0585 | D3: 0.095 | E3: 0 | F3: 27 | G3: 7 | H3: 26 | I3: 10 | J3: 1 | K3: =IF(F3=0,"–",J3/F3*100) -> 3.7037037
A4: Alimentícios | B4: 26 | C4: 0.1277 | D4: 0.007 | E4: 1 | F4: 28 | G4: 6 | H4: 25 | I4: 5 | J4: 5 | K4: =IF(F4=0,"–",J4/F4*100) -> 17.857143
A5: Aparelhamento de placas e execução de trabalhos em mármore, granito, ardósia e outras pedras | B5: 14 | C5: -0.0309 | D5: 0.27 | E5: 0 | F5: 55 | G5: 1 | H5: 56 | I5: 41 | J5: 3 | K5: =IF(F5=0,"–",J5/F5*100) -> 5.4545455
A6: Arroz em casca | B6: 103 | C6: 0.3941 | D6: 0.001 | E6: 1 | F6: 94 | G6: 27 | H6: 96 | I6: 67 | J6: 70 | K6: =IF(F6=0,"–",J6/F6*100) -> 74.468085
A7: Atividade médica ambulatorial com recursos para realização de exames complementares | B7: 15 | C7: -0.0095 | D7: 0.466 | E7: 0 | F7: 57 | G7: 2 | H7: 56 | I7: 46 | J7: 8 | K7: =IF(F7=0,"–",J7/F7*100) -> 14.035088
A8: Atividade médica ambulatorial restrita a consultas | B8: 18 | C8: -0.0964 | D8: 0.001 | E8: 1 | F8: 112 | G8: 0 | H8: 112 | I8: 106 | J8: 12 | K8: =IF(F8=0,"–",J8/F8*100) -> 10.714286
A9: Atividade odontológica com recursos para realização de procedimentos cirúrgicos | B9: 39 | C9: -0.0591 | D9: 0.085 | E9: 0 | F9: 25 | G9: 3 | H9: 28 | I9: 14 | J9: 3 | K9: =IF(F9=0,"–",J9/F9*100) -> 12
A10: Atividades de apoio à agricultura não especificadas anteriormente | B10: 13 | C10: 0.0641 | D10: 0.067 | E10: 0 | F10: 65 | G10: 2 | H10: 66 | I10: 58 | J10: 2 | K10: =IF(F10=0,"–",J10/F10*100) -> 3.0769231
A11: Atividades de associações de defesa de direitos sociais | B11: 19 | C11: 0.0193 | D11: 0.243 | E11: 0 | F11: 28 | G11: 0 | H11: 29 | I11: 8 | J11: 6 | K11: =IF(F11=0,"–",J11/F11*100) -> 21.428571
A12: Atividades de atendimento hospitalar, exceto pronto-socorro e unidades para atendimento a urgências | B12: 12 | C12: -0.054 | D12: 0.025 | E12: 1 | F12: 38 | G12: 0 | H12: 39 | I12: 24 | J12: 7 | K12: =IF(F12=0,"–",J12/F12*100) -> 18.421053
A13: Atividades de cobrança e informações cadastrais | B13: 14 | C13: -0.0192 | D13: 0.409 | E13: 0 | F13: 79 | G13: 1 | H13: 79 | I13: 69 | J13: 2 | K13: =IF(F13=0,"–",J13/F13*100) -> 2.5316456
A14: Atividades de condicionamento físico | B14: 22 | C14: -0.0189 | D14: 0.372 | E14: 0 | F14: 26 | G14: 1 | H14: 26 | I14: 9 | J14: 8 | K14: =IF(F14=0,"–",J14/F14*100) -> 30.769231
... A122: Tucum amêndoa | B122: 14 | C122: 0.3554 | D122: 0.001 | E122: 1 | F122: 55 | G122: 12 | H122: 57 | I122: 44 | J122: 16 | K122: =IF(F122=0,"–",J122/F122*100) -> 29.090909
A123: Total | F123: =SUM(F3:F122) -> 5991 | G123: =SUM(G3:G122) -> 748 | H123: =SUM(H3:H122) -> 6042 | I123: =SUM(I3:I122) -> 4032 | J123: =SUM(J3:J122) -> 1250 | K123: =J123/F123*100 -> 20.86463
A125: Fonte: elaboração própria a partir de IBGE (PAM, PPM, PEVS, Malha Municipal 2025) e RAIS/MTE (2025); matrizes de vizinhança DNIT/DER-PI e OpenRouteService. Extração em 06/08/2026.

Sheet 3 CERIE Subclasses
A1: Pipeline shift-share (CE+RIE) — LISA univariado por subclasse (T1+T2)
A2: Subclasse | B2: Municípios presentes | C2: I de Moran global | D2: p (999 perm.) | E2: Significativa (p<0,05) | F2: Municípios sig. (999 p.) | G2: Núcleos AA | H2: Sig. nominais (9.999 p.) | I2: Pós-FDR (9.999 p.) | J2: Robustos às 4 W alt. | K2: Taxa de robustez (%)
A3: Administração pública em geral | B3: 94 | C3: -0.0467 | D3: 0.155 | E3: 0 | F3: 32 | G3: 8 | H3: 32 | I3: 12 | J3: 6 | K3: =IF(F3=0,"–",J3/F3*100) -> 18.75
A4: Aparelhamento de placas e execução de trabalhos em mármore, granito, ardósia e outras pedras | B4: 14 | C4: -0.0264 | D4: 0.317 | E4: 0 | F4: 53 | G4: 1 | H4: 52 | I4: 33 | J4: 3 | K4: =IF(F4=0,"–",J4/F4*100) -> 5.6603774
A5: Atividade médica ambulatorial com recursos para realização de exames complementares | B5: 15 | C5: -0.0166 | D5: 0.481 | E5: 0 | F5: 25 | G5: 3 | H5: 25 | I5: 9 | J5: 5 | K5: =IF(F5=0,"–",J5/F5*100) -> 20
A6: Atividade médica ambulatorial restrita a consultas | B6: 18 | C6: -0.0972 | D6: 0.001 | E6: 1 | F6: 131 | G6: 0 | H6: 132 | I6: 123 | J6: 14 | K6: =IF(F6=0,"–",J6/F6*100) -> 10.687023
A7: Atividade odontológica com recursos para realização de procedimentos cirúrgicos | B7: 39 | C7: -0.0784 | D7: 0.022 | E7: 1 | F7: 27 | G7: 3 | H7: 31 | I7: 15 | J7: 4 | K7: =IF(F7=0,"–",J7/F7*100) -> 14.814815
A8: Atividades de apoio à agricultura não especificadas anteriormente | B8: 13 | C8: 0.0974 | D8: 0.025 | E8: 1 | F8: 15 | G8: 2 | H8: 19 | I8: 8 | J8: 2 | K8: =IF(F8=0,"–",J8/F8*100) -> 13.333333
A9: Atividades de associações de defesa de direitos sociais | B9: 19 | C9: 0.0178 | D9: 0.246 | E9: 0 | F9: 57 | G9: 0 | H9: 57 | I9: 38 | J9: 8 | K9: =IF(F9=0,"–",J9/F9*100) -> 14.035088
A10: Atividades de atendimento hospitalar, exceto pronto-socorro e unidades para atendimento a urgências | B10: 12 | C10: -0.0555 | D10: 0.004 | E10: 1 | F10: 23 | G10: 0 | H10: 21 | I10: 4 | J10: 8 | K10: =IF(F10=0,"–",J10/F10*100) -> 34.782609
A11: Atividades de cobrança e informações cadastrais | B11: 14 | C11: -0.0072 | D11: 0.464 | E11: 0 | F11: 26 | G11: 2 | H11: 26 | I11: 4 | J11: 2 | K11: =IF(F11=0,"–",J11/F11*100) -> 7.6923077
A12: Atividades de condicionamento físico | B12: 22 | C12: -0.0074 | D12: 0.483 | E12: 0 | F12: 92 | G12: 1 | H12: 95 | I12: 85 | J12: 13 | K12: =IF(F12=0,"–",J12/F12*100) -> 14.130435
A13: Atividades de consultoria em gestão empresarial, exceto consultoria técnica específica | B13: 12 | C13: 0.0136 | D13: 0.265 | E13: 0 | F13: 37 | G13: 2 | H13: 36 | I13: 15 | J13: 4 | K13: =IF(F13=0,"–",J13/F13*100) -> 10.810811
A14: Atividades de contabilidade | B14: 28 | C14: 0.0186 | D14: 0.239 | E14: 0 | F14: 34 | G14: 5 | H14: 36 | I14: 10 | J14: 5 | K14: =IF(F14=0,"–",J14/F14*100) -> 14.705882
... A89: Transporte rodoviário de carga, exceto produtos perigosos e mudanças, intermunicipal, interestadual e internacional | B89: 24 | C89: 0.0278 | D89: 0.2 | E89: 0 | F89: 120 | G89: 6 | H89: 121 | I89: 112 | J89: 14 | K89: =IF(F89=0,"–",J89/F89*100) -> 11.666667
A90: Total | F90: =SUM(F3:F89) -> 5065 | G90: =SUM(G3:G89) -> 256 | H90: =SUM(H3:H89) -> 5118 | I90: =SUM(I3:I89) -> 3870 | J90: =SUM(J3:J89) -> 726 | K90: =J90/F90*100 -> 14.333662
A92: Fonte: elaboração própria a partir de IBGE (PAM, PPM, PEVS, Malha Municipal 2025) e RAIS/MTE (2025); matrizes de vizinhança DNIT/DER-PI e OpenRouteService. Extração em 06/08/2026.

Sheet 2 Est Pares
A1: Pipeline de estoques — núcleo robusto de pares (FDR e 4 matrizes alternativas)
A2: # | B2: Subclasse focal (x) | C2: Subclasse parceira (lag y) | D2: I bivariado (Queen) | E2: p (9.999 perm.) | F2: Núcleos AA | G2: Copresentes
A3: 1 | B3: Caprino | C3: Mel de abelha | D3: 0.4309 | E3: 0.0001 | F3: 49 | G3: 65
A4: 2 | B4: Mel de abelha | C4: Caprino | D4: 0.3952 | E4: 0.0001 | F4: 36 | G4: 65
A5: 3 | B5: Babaçu amêndoa | C5: Arroz em casca | D5: 0.3605 | E5: 0.0001 | F5: 19 | G5: 31
A6: 4 | B6: Arroz em casca | C6: Babaçu amêndoa | D6: 0.3571 | E6: 0.0001 | F6: 23 | G6: 31
A7: 5 | B7: Soja em grão | C7: Cultivo de milho | D7: 0.3317 | E7: 0.0001 | F7: 7 | G7: 6
A8: 6 | B8: Babaçu amêndoa | C8: Oleaginosos | D8: 0.3263 | E8: 0.0001 | F8: 17 | G8: 29
A9: 7 | B9: Cultivo de arroz | C9: Soja em grão | D9: 0.3226 | E9: 0.0001 | F9: 8 | G9: 8
A10: 8 | B10: Soja em grão | C10: Cultivo de arroz | D10: 0.3123 | E10: 0.0001 | F10: 7 | G10: 8
A11: 9 | B11: Oleaginosos | C11: Babaçu amêndoa | D11: 0.3069 | E11: 0.0001 | F11: 11 | G11: 29
A12: 10 | B12: Cultivo de soja | C12: Soja em grão | D12: 0.3036 | E12: 0.0001 | F12: 10 | G12: 14
A13: 11 | B13: Ovino | C13: Mel de abelha | D13: 0.2903 | E13: 0.0001 | F13: 58 | G13: 106
A14: 12 | B14: Tambacu tambatinga | C14: Babaçu amêndoa | D14: 0.2899 | E14: 0.0001 | F14: 12 | G14: 14
... A342: 340 | B342: Comércio varejista de artigos de papelaria | C342: Casas lotéricas | D342: 0.0698 | E342: 0.0073 | F342: 3 | G342: 7
A344: Fonte: elaboração própria a partir de IBGE (PAM, PPM, PEVS, Malha Municipal 2025) e RAIS/MTE (2025); matrizes de vizinhança DNIT/DER-PI e OpenRouteService. Extração em 06/08/2026.

Sheet 4 CERIE Pares
A1: Pipeline shift-share (CE+RIE) — núcleo robusto de pares (FDR e 4 matrizes alternativas)
A2: # | B2: Subclasse focal (x) | C2: Subclasse parceira (lag y) | D2: I bivariado (Queen) | E2: p (9.999 perm.) | F2: Núcleos AA | G2: Copresentes
A3: 1 | B3: Hotéis | C3: Condomínios prediais | D3: 0.2567 | E3: 0.0024 | F3: 3 | G3: 6
A4: 2 | B4: Serviços combinados de escritório e apoio administrativo | C4: Formação de condutores | D4: 0.2306 | E4: 0.0002 | F4: 3 | G4: 5
A5: 3 | B5: Criação de bovinos para corte | C5: Cultivo de milho | D5: 0.2242 | E5: 0.0001 | F5: 6 | G5: 6
A6: 4 | B6: Cultivo de arroz | C6: Criação de bovinos para corte | D6: 0.2004 | E6: 0.0006 | F6: 6 | G6: 7
A7: 5 | B7: Criação de bovinos para corte | C7: Cultivo de arroz | D7: 0.1955 | E7: 0.0003 | F7: 6 | G7: 7
A8: 6 | B8: Serviços combinados de escritório e apoio administrativo | C8: Comércio varejista de animais vivos e de artigos e alimentos para animais de estimação | D8: 0.1874 | E8: 0.0007 | F8: 5 | G8: 6
A9: 7 | B9: Criação de bovinos para corte | C9: Cultivo de soja | D9: 0.179 | E9: 0.0004 | F9: 8 | G9: 5
A10: 8 | B10: Serviços combinados de escritório e apoio administrativo | C10: Hotéis | D10: 0.1768 | E10: 0.0009 | F10: 2 | G10: 10
A11: 9 | B11: Restaurantes e similares | C11: Comércio varejista de animais vivos e de artigos e alimentos para animais de estimação | D11: 0.1761 | E11: 0.0006 | F11: 7 | G11: 14
A12: 10 | B12: Cultivo de soja | C12: Criação de bovinos para corte | D12: 0.1753 | E12: 0.0007 | F12: 5 | G12: 5
A13: 11 | B13: Criação de bovinos para corte | C13: Comércio varejista especializado de equipamentos e suprimentos de informática | D13: 0.1739 | E13: 0.0002 | F13: 6 | G13: 7
A14: 12 | B14: Obras de urbanização - ruas, praças e calçadas | C14: Comércio varejista de animais vivos e de artigos e alimentos para animais de estimação | D14: 0.1687 | E14: 0.0005 | F14: 5 | G14: 6
... A52: 50 | B52: Comércio varejista de artigos de papelaria | C52: Casas lotéricas | D52: 0.0842 | E52: 0.0036 | F52: 6 | G52: 7
A54: Fonte: elaboração própria a partir de IBGE (PAM, PPM, PEVS, Malha Municipal 2025) e RAIS/MTE (2025); matrizes de vizinhança DNIT/DER-PI e OpenRouteService. Extração em 06/08/2026.

Sheet 5 Base Municipal
A1: Base municipal — participação em núcleos Alto-Alto significativos (Queen, 999 perm.)
A2: Município | B2: Estoque: subclasses em núcleo AA | C2: Estoque: pares robustos c/ núcleo AA | D2: CE+RIE: subclasses em núcleo AA | E2: CE+RIE: pares robustos c/ núcleo AA | F2: Total (soma)
A3: Acauã | B3: 2 | C3: 6 | D3: 0 | E3: 0 | F3: =SUM(B3:E3) -> 8
A4: Agricolândia | B4: 0 | C4: 0 | D4: 0 | E4: 0 | F4: =SUM(B4:E4) -> 0
A5: Água Branca | B5: 0 | C5: 0 | D5: 0 | E5: 0 | F5: =SUM(B5:E5) -> 0
A6: Alagoinha do Piauí | B6: 2 | C6: 4 | D6: 0 | E6: 0 | F6: =SUM(B6:E6) -> 6
A7: Alegrete do Piauí | B7: 4 | C7: 2 | D7: 0 | E7: 0 | F7: =SUM(B7:E7) -> 6
A8: Alto Longá | B8: 0 | C8: 2 | D8: 0 | E8: 0 | F8: =SUM(B8:E8) -> 2
A9: Altos | B9: 12 | C9: 139 | D9: 9 | E9: 31 | F9: =SUM(B9:E9) -> 191
A10: Alvorada do Gurguéia | B10: 3 | C10: 10 | D10: 1 | E10: 1 | F10: =SUM(B10:E10) -> 15
A11: Amarante | B11: 2 | C11: 25 | D11: 0 | E11: 1 | F11: =SUM(B11:E11) -> 28
A12: Angical do Piauí | B12: 4 | C12: 18 | D12: 0 | E12: 1 | F12: =SUM(B12:E12) -> 23
A13: Anísio de Abreu | B13: 2 | C13: 4 | D13: 0 | E13: 0 | F13: =SUM(B13:E13) -> 6
A14: Antônio Almeida | B14: 1 | C14: 10 | D14: 1 | E14: 1 | F14: =SUM(B14:E14) -> 13
... A226: Wall Ferraz | B226: 1 | C226: 2 | D226: 0 | E226: 0 | F226: =SUM(B226:E226) -> 3
A227: Total | B227: =SUM(B3:B226) -> 560 | C227: =SUM(C3:C226) -> 3267 | D227: =SUM(D3:D226) -> 97 | E227: =SUM(E3:E226) -> 245 | F227: =SUM(F3:F226) -> 4169
A229: Fonte: elaboração própria a partir de IBGE (PAM, PPM, PEVS, Malha Municipal 2025) e RAIS/MTE (2025); matrizes de vizinhança DNIT/DER-PI e OpenRouteService. Extração em 06/08/2026.

Sheet 6 Indicadores
A1: Indicadores derivados — calculados por fórmula sobre as abas anteriores
A2: Indicador | B2: Estoques | C2: CE+RIE
A3: Subclasses elegíveis | B3: =COUNT('1 Est Subclasses'!C3:C122) -> 120 | C3: =COUNT('3 CERIE Subclasses'!C3:C89) -> 87
A4: Subclasses significativas (p<0,05) | B4: =SUM('1 Est Subclasses'!E3:E122) -> 54 | C4: =SUM('3 CERIE Subclasses'!E3:E89) -> 28
A5: Municípios sig. — total (999 perm.) | B5: =SUM('1 Est Subclasses'!F3:F122) -> 5991 | C5: =SUM('3 CERIE Subclasses'!F3:F89) -> 5065
A6: Municípios sig. — nominais (9.999 perm.) | B6: =SUM('1 Est Subclasses'!H3:H122) -> 6042 | C6: =SUM('3 CERIE Subclasses'!H3:H89) -> 5118
A7: Municípios sig. — pós-FDR (9.999 perm.) | B7: =SUM('1 Est Subclasses'!I3:I122) -> 4032 | C7: =SUM('3 CERIE Subclasses'!I3:I89) -> 3870
A8: Taxa de sobrevivência ao FDR (%) | B8: =B7/B6*100 -> 66.73287 | C8: =C7/C6*100 -> 75.615475
A9: Núcleos robustos às 4 W alternativas | B9: =SUM('1 Est Subclasses'!J3:J122) -> 1250 | C9: =SUM('3 CERIE Subclasses'!J3:J89) -> 726
A10: Núcleo robusto de pares (contagem) | B10: =COUNT('2 Est Pares'!A3:A342) -> 340 | C10: =COUNT('4 CERIE Pares'!A3:A52) -> 50
A11: I bivariado máximo do núcleo robusto | B11: =MAX('2 Est Pares'!D3:D342) -> 0.4309 | C11: =MAX('4 CERIE Pares'!D3:D52) -> 0.2567
A12: I bivariado mediano do núcleo robusto | B12: =MEDIAN('2 Est Pares'!D3:D342) -> 0.1356 | C12: =MEDIAN('4 CERIE Pares'!D3:D52) -> 0.12695
A13: Município líder em núcleos AA (univariado) | B13: =INDEX('5 Base Municipal'!A3:A226,MATCH(MAX('5 Base Municipal'!B3:B226),'5 Base Municipal'!B3:B226,0)) -> União | C13: =INDEX('5 Base Municipal'!A3:A226,MATCH(MAX('5 Base Municipal'!D3:D226),'5 Base Municipal'!D3:D226,0)) -> União
A14: Município líder em pares robustos (bivariado) | B14: =INDEX('5 Base Municipal'!A3:A226,MATCH(MAX('5 Base Municipal'!C3:C226),'5 Base Municipal'!C3:C226,0)) -> Teresina | C14: =INDEX('5 Base Municipal'!A3:A226,MATCH(MAX('5 Base Municipal'!E3:E226),'5 Base Municipal'!E3:E226,0)) -> Teresina
A15: Municípios com ao menos um núcleo AA (univariado) | B15: =COUNTIF('5 Base Municipal'!B3:B226,">0") -> 185 | C15: =COUNTIF('5 Base Municipal'!D3:D226,">0") -> 33
A17: Fonte: elaboração própria a partir de IBGE (PAM, PPM, PEVS, Malha Municipal 2025) e RAIS/MTE (2025); matrizes de vizinhança DNIT/DER-PI e OpenRouteService. Extração em 06/08/2026.

Sheet 7 Duplo Nucleo
A1: Duplo núcleo — 32 pares presentes nos núcleos robustos dos dois pipelines
A2: # | B2: Par de subclasses | C2: I biv. Estoques | D2: I biv. CE+RIE | E2: Núcleos AA Estoques | F2: Núcleos AA CE+RIE | G2: AA convergentes | H2: Municípios convergentes
A3: 1 | B3: Condomínios prediais × Hotéis | C3: 0.2307 | D3: 0.2567 | E3: 3 | F3: 3 | G3: 3 | H3: Cajueiro da Praia; Luís Correia; Parnaíba
A4: 2 | B4: Criação de bovinos para corte × Cultivo de milho | C4: 0.231 | D4: 0.2242 | E4: 6 | F4: 6 | G4: 6 | H4: Baixa Grande do Ribeiro; Bom Jesus; Currais; Ribeiro Gonçalves; Santa Filomena; Uruçuí
A5: 3 | B5: Formação de condutores × Serviços combinados de escritório e apoio administrativo | C5: 0.1812 | D5: 0.2306 | E5: 3 | F5: 3 | G5: 3 | H5: Cajueiro da Praia; Ilha Grande; Parnaíba
A6: 4 | B6: Criação de bovinos para corte × Cultivo de arroz | C6: 0.211 | D6: 0.2004 | E6: 10 | F6: 8 | G6: 8 | H6: Baixa Grande do Ribeiro; Bom Jesus; Cristino Castro; Currais; Gilbués; Monte Alegre do Piauí; Palmeira do Piauí; Redenção do Gurguéia
A7: 5 | B7: Comércio varejista de animais vivos e de artigos e alimentos para animais de estimação × Serviços combinados de escritório e apoio administrativo | C7: 0.1773 | D7: 0.1874 | E7: 5 | F7: 5 | G7: 5 | H7: Altos; Cajueiro da Praia; Ilha Grande; Nossa Senhora dos Remédios; Teresina
A8: 6 | B8: Criação de bovinos para corte × Cultivo de soja | C8: 0.176 | D8: 0.179 | E8: 12 | F8: 13 | G8: 11 | H8: Alvorada do Gurguéia; Antônio Almeida; Baixa Grande do Ribeiro; Cristino Castro; Landri Sales; Monte Alegre do Piauí; Nazária; Palmeira do Piauí; Ribeiro Gonçalves; Sebastião Leal; Uruçuí
A9: 7 | B9: Comércio varejista de animais vivos e de artigos e alimentos para animais de estimação × Obras de urbanização - ruas, praças e calçadas | C9: 0.1699 | D9: 0.1687 | E9: 7 | F9: 9 | G9: 7 | H9: Altos; Barras; Demerval Lobão; José de Freitas; Nazária; Teresina; União
A10: 8 | B10: Comércio varejista especializado de equipamentos e suprimentos de informática × Criação de bovinos para corte | C10: 0.1574 | D10: 0.1739 | E10: 6 | F10: 6 | G10: 5 | H10: Baixa Grande do Ribeiro; Currais; Ilha Grande; Ribeiro Gonçalves; Santa Filomena
A11: 9 | B11: Hotéis × Serviços combinados de escritório e apoio administrativo | C11: 0.1476 | D11: 0.1768 | E11: 2 | F11: 2 | G11: 2 | H11: Cajueiro da Praia; Ilha Grande
A12: 10 | B12: Comércio varejista de animais vivos e de artigos e alimentos para animais de estimação × Restaurantes e similares | C12: 0.1461 | D12: 0.1761 | E12: 8 | F12: 8 | G12: 8 | H12: Altos; Cajueiro da Praia; Demerval Lobão; José de Freitas; Luís Correia; Nazária; Teresina; União
A13: 11 | B13: Comércio varejista de artigos do vestuário e acessórios × Serviços combinados de escritório e apoio administrativo | C13: 0.1516 | D13: 0.1644 | E13: 3 | F13: 4 | G13: 3 | H13: Ilha Grande; Nossa Senhora dos Remédios; Teresina
A14: 12 | B14: Comércio varejista de artigos do vestuário e acessórios × Construção de rodovias e ferrovias | C14: 0.1523 | D14: 0.1591 | E14: 12 | F14: 8 | G14: 7 | H14: Altos; Cajueiro da Praia; Demerval Lobão; José de Freitas; Palmeirais; Ribeiro Gonçalves; União
... A34: 32 | B34: Casas lotéricas × Comércio varejista de artigos de papelaria | C34: 0.0698 | D34: 0.0842 | E34: 3 | F34: 6 | G34: 3 | H34: Altos; Floriano; Piripiri
A36: Fonte: elaboração própria a partir de IBGE (PAM, PPM, PEVS, Malha Municipal 2025) e RAIS/MTE (2025); matrizes de vizinhança DNIT/DER-PI e OpenRouteService. Extração em 06/08/2026.
